Question,Answer
"What are the primary benefits of solar energy?","Solar energy is renewable, reduces electricity bills, has low maintenance costs, and decreases carbon footprint, contributing to a sustainable environment for future generations."
"How does regular exercise impact mental health?","Regular exercise releases endorphins, reducing stress and anxiety, boosts mood, increases self-esteem, and improves overall cognitive function, contributing to better mental health and well-being."
"What are the challenges of urbanization?","Urbanization leads to overcrowding, increased pollution, strain on infrastructure, housing shortages, and socioeconomic disparities, posing significant challenges for sustainable urban planning and development."
"Can you explain the process of photosynthesis?","Photosynthesis converts light energy, water, and carbon dioxide into glucose and oxygen in plants, providing essential energy for growth and releasing oxygen into the atmosphere."
"What are the effects of climate change on polar regions?","Climate change in polar regions leads to melting ice, rising sea levels, altered ecosystems, and threats to wildlife, disrupting the environmental balance and potentially global climate patterns."
"How does digital marketing differ from traditional marketing?","Digital marketing utilizes online platforms and technology to reach audiences, allowing for targeted, interactive, and real-time campaigns, unlike traditional marketingâ€™s broader, static, and less measurable approaches."
"What role do proteins play in the human body?","Proteins are crucial for building and repairing tissues, producing enzymes and hormones, supporting immune function, and providing an energy source, essential for maintaining overall health and vitality."
"What steps can individuals take to reduce their carbon footprint?","Reducing carbon footprints involves adopting renewable energy, minimizing waste, using public transport, consuming less meat, and supporting sustainable practices, helping mitigate environmental impacts."
"How is artificial intelligence transforming the healthcare industry?","AI in healthcare enhances diagnostic precision, streamlines administrative tasks, predicts patient outcomes, personalizes treatment plans, and facilitates advanced research, revolutionizing patient care and operational efficiency."
"What are the effects of deforestation on the environment?","Deforestation leads to biodiversity loss, disrupted water cycles, increased carbon emissions, soil erosion, and habitat destruction, significantly impacting overall environmental health and stability."
